Product Name,Valor
Agua natural Bonafont® para garrafont de 20 Litros,Agua Natural Bonafont 20L Sin Envase
Garrafont de 20 Litros solo envase,Envase Más Agua Natural Bonafont 20L
Agua Natural Bonafont 20L Sin Envase,Agua Natural Bonafont 20L Sin Envase
Envase más Agua Bonafont 20L,Envase Más Agua Natural Bonafont 20L
Agua natural Bonafont® para garrafont de 11 Litros,Agua Natural Bonafont 11L Sin Envase
Líquido de 20 Litros más envase Bonafont,Envase Más Agua Natural Bonafont 20L
Bonafont Agua Natural 6x1L,Agua Natural Bonafont 6x1L
2 Envases más 2 Agua Bonafont 20L,2 Envases más 2 Agua Bonafont 20L
Agua Natural Bonafont 11L Sin Envase,Agua Natural Bonafont 11L Sin Envase
Envase más Agua Bonafont 20L más Bonafont Agua Natural 6x1L,Envase más Agua Bonafont 20L más Bonafont Agua Natural 6x1L
Garrafont de 11 Litros liquido más envase,Envase Más Agua Natural Bonafont 11L
Garrafont de 11 Litros Bonafont®  solo envase,Envase Más Agua Natural Bonafont 11L
Bomba de Agua Automática para Garrafón Bonafont,Bomba de Agua Automática para Garrafón Bonafont
Agua natural Bonafont® para garrafont de 20 Litros,Envase Más Agua Natural Bonafont 20L
Mandil y 2 Toallas de Microfibra Para Cocina Mickey and Friends,Mandil y 2 Toallas de Microfibra Para Cocina Mickey and Friends
Silk Barista Alimento Líquido de Almendra 946mL,Silk Barista Alimento Líquido de Almendra 946mL
Garrafont de 11 Litros Bonafont® solo envase,Envase Más Agua Natural Bonafont 11L
Agua Natural Bonafont 6x1L + Totebag Mexicanity GRATIS,Agua Natural Bonafont 6x1L + Totebag Mexicanity GRATIS
Agua Bonafont 20L más Bonafont Agua Natural 6x1L,Agua Bonafont 20L más Bonafont Agua Natural 6x1L
Bomba de Agua Automática Bonafont para Garrafón,Bomba de Agua Automática Bonafont para Garrafón
Agua Natural Bonafont 6x1L,Agua Natural Bonafont 6x1L
Garrafón y Envase Bonafont 20L + Garrafón y Envase Bonafont 11L x $100,Garrafón y Envase Bonafont 20L + Garrafón y Envase Bonafont 11L x $100
Garrafón Agua Bonafont + Envase + Bomba Eléctrica x $240,Garrafón Agua Bonafont + Envase + Bomba Eléctrica x $240
Juizzy Agua Fresca Con Sabor Guayaba y Piña 4x1L,Juizzy Agua Fresca Con Sabor Guayaba y Piña 4x1L
Silk Alimento Líquido de Almendra Sin Azúcar 946mL,Silk Alimento Líquido de Almendra Sin Azúcar 946mL
Jarra de 1L Noche Bonafont y Vasos Cristal 320ml,Jarra de 1L Noche Bonafont y Vasos Cristal 320ml
Leche de Origen Danone Deslactosada Light 946mL,Leche de Origen Danone Deslactosada Light 946mL
Bomba para Garrafont Bonafont®,Bomba para Garrafont Bonafont®
Leche de Origen Danone Entera 946mL,Leche de Origen Danone Entera 946mL
Bonafont Agua Natural 24x330mL,Bonafont Agua Natural 24x330mL
Botella Bonafont Mickey y Amigos 850mL,Botella Bonafont Mickey y Amigos 850mL
Leche de Origen Danone Entera 12X946mL,Leche de Origen Danone Entera 12X946mL
Agua Natural Bonafont 6x1.5L,Agua Natural Bonafont 6x1.5L
Leche de Origen Danone Deslactosada Light 12X946mL,Leche de Origen Danone Deslactosada Light 12X946mL
Agua Natural Bonafont 6x1L,Agua Natural Bonafont 6x1L
Silk Alimento Líquido de Coco Sin Azúcar 946mL,Silk Alimento Líquido de Coco Sin Azúcar 946mL
ENVASE Garrafont de 20 lts + Agua natural para Garrafont 20 lts + 4 pack juizzy 1lt Piña Guayaba,ENVASE Garrafont de 20 lts + Agua natural para Garrafont 20 lts + 4 pack juizzy 1lt Piña Guayaba
Agua Fresca Juizzy Naranja 3L,Agua Fresca Juizzy Naranja 3L
Silk Alimento Líquido de Avena Sin Azúcar 946mL,Silk Alimento Líquido de Avena Sin Azúcar 946mL
Silk Alimento Líquido de Soya Sin Azúcar 946mL,Silk Alimento Líquido de Soya Sin Azúcar 946mL
Set Vajilla con Mantel Minnie Rosa,Set Vajilla con Mantel Minnie Rosa
Bomba de Agua Manual Bonafont para Garrafón,Bomba de Agua Manual Bonafont para Garrafón
Termo de Acero Inoxidable Bonafont y Fundación CIMA Coleccción Alas Diseño Mariposa 430mL,Termo de Acero Inoxidable Bonafont y Fundación CIMA Coleccción Alas Diseño Mariposa 430mL
Set Vajilla con Mantel Mickey Mouse Azul,Set Vajilla con Mantel Mickey Mouse Azul
Termo Bonafont Amanecer diseño hojas Rosas 600ml,Termo Bonafont Amanecer diseño hojas Rosas 600ml
Juizzy Agua Fresca con Sabor Jamaica y Frutada Pack 4X1L,Juizzy Agua Fresca con Sabor Jamaica y Frutada Pack 4X1L
Agua Natural Bonafont 6x1L + Destapador Bonafont Gratis,Agua Natural Bonafont 6x1L + Destapador Bonafont Gratis
2 Garrafones  + Envase Bonafont 11L  X $110,2 Garrafones  + Envase Bonafont 11L  X $110
Agua Natural Bonafont Tapa Sport Pack 6x750ml,Agua Natural Bonafont Tapa Sport Pack 6x750ml
Bonafont Aguas Frescas Sabor Guayaba y Piña 4x1L,Bonafont Aguas Frescas Sabor Guayaba y Piña 4x1L
Bonafont Agua Natural 6x1.5L,Bonafont Agua Natural 6x1.5L
Agua Natural Bonafont 10L,Agua Natural Bonafont 10L
Base de plástico Bonafont®,Base de plástico Bonafont®
Bonafont Agua Natural 750ml Tapa Sport Pack de 6,Bonafont Agua Natural 750ml Tapa Sport Pack de 6
Termo Bonafont color Salmón Metálico 700ml,Termo Bonafont color Salmón Metálico 700ml
Base de Garrafón Bonafont 30 años,Base de Garrafón Bonafont 30 años
Agua Natural Bonafont 6x500mL,Agua Natural Bonafont 6x500mL
Termo Bonafont Amanecer con diseño Hojas Negro 600ml,Termo Bonafont Amanecer con diseño Hojas Negro 600ml
Base Bonafont de Cerámica Blanca,Base Bonafont de Cerámica Blanca
Silk Alimento Líquido de Almendra 946mL,Silk Alimento Líquido de Almendra 946mL
Termo Bonafont color Menta Metálico 700ml,Termo Bonafont color Menta Metálico 700ml
Termo Bonafont Glass Rosa 500ml,Termo Bonafont Glass Rosa 500ml
Base de Plástico Bonafont 30 años para Garrafón,Base de Plástico Bonafont 30 años para Garrafón
Recipiente Doble Compartimiento Bonafont Colección Flora Color Durazno,Recipiente Doble Compartimiento Bonafont Colección Flora Color Durazno
Termo 30 años Bonafont 500ml,Termo 30 años Bonafont 500ml
Termo de Acero Inoxidable Bonafont y Fundación CIMA Coleccción Alas Diseño Pájaro 430mL,Termo de Acero Inoxidable Bonafont y Fundación CIMA Coleccción Alas Diseño Pájaro 430mL
Recipiente Doble Compartimiento Bonafont Colección Flora Color Aqua,Recipiente Doble Compartimiento Bonafont Colección Flora Color Aqua
Bonafont Aguas Frescas Sabor Naranja 3L,Bonafont Aguas Frescas Sabor Naranja 3L
Silk Alimento Líquido de Almendra Sin Azúcar Sabor Monkfruit 946mL,Silk Alimento Líquido de Almendra Sin Azúcar Sabor Monkfruit 946mL
Agua Natural Bonafont 6L,Agua Natural Bonafont 6L
Bonafont Aguas Frescas Sabor Jamaica y Frutada 4X1L,Bonafont Aguas Frescas Sabor Jamaica y Frutada 4X1L
Base de Plástico Bonafont para Garrafón,Base de Plástico Bonafont para Garrafón
Tazas Duo de Vidrio Bonafont 345ml,Tazas Duo de Vidrio Bonafont 345ml
Termo Bonafont Traguito a Traguito Gotas 850 ml,Termo Bonafont Traguito a Traguito Gotas 850 ml
Termo Amanecer Bonafont Negro 600ml,Termo Amanecer Bonafont Negro 600ml
Silk Alimento Líquido de Almendra Sin Azúcar 946mL + Líquido Bonafont de 20L x $126,Silk Alimento Líquido de Almendra Sin Azúcar 946mL + Líquido Bonafont de 20L x $126
Bonafont Agua Natural 4x1.5L,Bonafont Agua Natural 4x1.5L
Base de Cerámica Blanca Bonafont para Garrafón,Base de Cerámica Blanca Bonafont para Garrafón
Bonafont Kids®,Bonafont Kids®
Bonafont Aguas Frescas Sabor Limón Pack de 4x1L,Bonafont Aguas Frescas Sabor Limón Pack de 4x1L
Termo Bonafont Traguito a Traguito Triángulos 850 ml,Termo Bonafont Traguito a Traguito Triángulos 850 ml
Silk Alimento Líquido de Coco Sin Azúcar Sabor Monkfruit 946mL,Silk Alimento Líquido de Coco Sin Azúcar Sabor Monkfruit 946mL
Silk Alimento Liquido de Soya Sin Azúcar Sabor Monkfruit 946mL,Silk Alimento Liquido de Soya Sin Azúcar Sabor Monkfruit 946mL
Termo Metálico Esfera Bonafont Rosa 400ml,Termo Metálico Esfera Bonafont Rosa 400ml
Bonafont Kids Agua Con Jugo Natural de Manzana 6x300mL Tapa Chupón,Bonafont Kids Agua Con Jugo Natural de Manzana 6x300mL Tapa Chupón
Bonafont Agua Natural 6x600mL,Bonafont Agua Natural 6x600mL
Set de Jarra y Vaso de Vidrio Bonafont para Mesa de Noche 1L y 320mL,Set de Jarra y Vaso de Vidrio Bonafont para Mesa de Noche 1L y 320mL
Termo Bonafont Canvas Espacio 500mL,Termo Bonafont Canvas Espacio 500mL
Silk Alimento Líquido de Avena Sin Azúcar Sabor Monkfruit 946mL,Silk Alimento Líquido de Avena Sin Azúcar Sabor Monkfruit 946mL
bebida con jugo de manzana,bebida con jugo de manzana
Termo Bonafont Canvas Mármol 500mL,Termo Bonafont Canvas Mármol 500mL
Set de 4 Vasos 430 ml Bonafont Cristal,Set de 4 Vasos 430 ml Bonafont Cristal
Termo Bonafont Glass Gris 500ml,Termo Bonafont Glass Gris 500ml
Termo Carrera Bonafont 2022 850ml,Termo Carrera Bonafont 2022 850ml
Agua Bonafont 20L más 2 Bonafont Agua Natural 6x1L,Agua Bonafont 20L más 2 Bonafont Agua Natural 6x1L
Lonchera y Sandwichera Bonafont Diseño Dinosaurios,Lonchera y Sandwichera Bonafont Diseño Dinosaurios
Termo Medidor Hora por Hora Bonafont 24 horas Color Rosa y Azul 1.3L,Termo Medidor Hora por Hora Bonafont 24 horas Color Rosa y Azul 1.3L
Base de PET Bonafont Colección Cítricos,Base de PET Bonafont Colección Cítricos
Termo Bonafont 24 horas Negro 1.3L,Termo Bonafont 24 horas Negro 1.3L
Set de 4 Manteles y 4 Portavasos Bonafont Colección Azulejo Color Azul,Set de 4 Manteles y 4 Portavasos Bonafont Colección Azulejo Color Azul
Set de Mandil y Toallas de Microfibra Bonafont Colección Mickey and Friends Para Cocina,Set de Mandil y Toallas de Microfibra Bonafont Colección Mickey and Friends Para Cocina
Termo Bonafont 24 horas Rosa y Azul 1.3L,Termo Bonafont 24 horas Rosa y Azul 1.3L
Bonafont Aguas Frescas Sabor Jamaica y Frutada Pack 4X1L,Bonafont Aguas Frescas Sabor Jamaica y Frutada Pack 4X1L
Termo Metálico Esfera Bonafont Negro 400ml,Termo Metálico Esfera Bonafont Negro 400ml
Levité Agua Infusionada con Toque Sabor Piña Coco y Fresa 4x1L,Levité Agua Infusionada con Toque Sabor Piña Coco y Fresa 4x1L
Set de 4 Manteles y 4 Portavasos Bonafont Colección Azulejo Color Amarillo,Set de 4 Manteles y 4 Portavasos Bonafont Colección Azulejo Color Amarillo
Tarro Futbolero Bonafont Mundial Qatar 700 ml,Tarro Futbolero Bonafont Mundial Qatar 700 ml
Garrafón Agua Bonafont + Envase + Bomba Eléctrica x $255,Garrafón Agua Bonafont + Envase + Bomba Eléctrica x $255
Termo de Vidrio con Manga de Silicón Bonafont Colección Glass Color Rosa 500mL,Termo de Vidrio con Manga de Silicón Bonafont Colección Glass Color Rosa 500mL
pack de 6 botellas de 300 ml c/u,pack de 6 botellas de 300 ml c/u
Leche de Origen Danone Light 946mL,Leche de Origen Danone Light 946mL
Leche de Origen Danone Entera 3x946mL,Leche de Origen Danone Entera 3x946mL
Envase más Agua Bonafont 20L más Bonafont Agua Natural 6x1.5L,Envase más Agua Bonafont 20L más Bonafont Agua Natural 6x1.5L
Bonafont Kids con chupón,Bonafont Kids con chupón
ENVASE más Agua Bonafont 20L más Levité Agua Infusionada de Piña Coco y Fresa 4x1L,ENVASE más Agua Bonafont 20L más Levité Agua Infusionada de Piña Coco y Fresa 4x1L
Lonchera y Sandwichera Bonafont Diseño Unicornio,Lonchera y Sandwichera Bonafont Diseño Unicornio
Bonafont Aguas Frescas Naranja 3L,Bonafont Aguas Frescas Naranja 3L
Bonafont Kids Agua Con Jugo Natural de Uva 6x300mL Tapa Chupón,Bonafont Kids Agua Con Jugo Natural de Uva 6x300mL Tapa Chupón
Termo Bonafont Canvas Salmón 500mL,Termo Bonafont Canvas Salmón 500mL
Jarra Cristal Bonafont 1L,Jarra Cristal Bonafont 1L
Termo Bonafont Colección 30 Años Diseño Lourdes Villagomez 500mL,Termo Bonafont Colección 30 Años Diseño Lourdes Villagomez 500mL
Termo Metálico Esfera Bonafont Gris 400ml,Termo Metálico Esfera Bonafont Gris 400ml
Cosmetiquera Bonafont Multicolor para Maquillaje,Cosmetiquera Bonafont Multicolor para Maquillaje
Leche de Origen Danone Deslactosada Light 3x946mL,Leche de Origen Danone Deslactosada Light 3x946mL
Vaso con tapa Azul Buzzlightyear Bonafont 480ml,Vaso con tapa Azul Buzzlightyear Bonafont 480ml
Termo Medidor Hora por Hora Bonafont 24 horas Color Negro 1.3L,Termo Medidor Hora por Hora Bonafont 24 horas Color Negro 1.3L
Set de Vasos de Vidrio Bonafont Colección Cristal 4x430mL,Set de Vasos de Vidrio Bonafont Colección Cristal 4x430mL
Base de PET Bonafont Colección Cítricos para Garrafón,Base de PET Bonafont Colección Cítricos para Garrafón
Termo de Doble Pared Bonafont Colección Amanecer Color Negro 600mL,Termo de Doble Pared Bonafont Colección Amanecer Color Negro 600mL
Playera Adulto Bonafont Mundial Fútbol Qatar,Playera Adulto Bonafont Mundial Fútbol Qatar
Termo de Doble Pared Bonafont Colección Amanecer Diseño Hojas Rosas 600mL,Termo de Doble Pared Bonafont Colección Amanecer Diseño Hojas Rosas 600mL
Vaso con Tapa Domo Bonafont Colección Buzzlightyear Color Azul 480mL,Vaso con Tapa Domo Bonafont Colección Buzzlightyear Color Azul 480mL
Termo Metálico Bonafont Colección Esfera Color Negro 400mL,Termo Metálico Bonafont Colección Esfera Color Negro 400mL
Termo de Doble Pared Bonafont Colección Amanecer Diseño Hojas Negro 600mL,Termo de Doble Pared Bonafont Colección Amanecer Diseño Hojas Negro 600mL
Set de Vajilla con Mantel Bonafont Colección Mickey Mouse Color Azul,Set de Vajilla con Mantel Bonafont Colección Mickey Mouse Color Azul
Lapicera Escolar Bonafont Colección Buzz Lightyear,Lapicera Escolar Bonafont Colección Buzz Lightyear
Botella Bonafont Colección Mickey y Amigos 850mL,Botella Bonafont Colección Mickey y Amigos 850mL
Termo de Acero Inoxidable Bonafont Colección Canvas Diseño Mármol 500mL,Termo de Acero Inoxidable Bonafont Colección Canvas Diseño Mármol 500mL
Vaso con Tapa Domo Zurg y Buzzlightyear Verde Bonafont  480ml,Vaso con Tapa Domo Zurg y Buzzlightyear Verde Bonafont  480ml
Bonafont Kids,Bonafont Kids
Termo Metálico Bonafont Colección Esfera Color Rosa 400mL,Termo Metálico Bonafont Colección Esfera Color Rosa 400mL
Vaso con Tapa Domo Bonafont Colección Buzzlightyear Color Verde 480mL,Vaso con Tapa Domo Bonafont Colección Buzzlightyear Color Verde 480mL
Danone Sabor Fresa 220 G,Danone Sabor Fresa 220 G
Set de Tazas de Vidrio Bonafont Colección Duo 345mL,Set de Tazas de Vidrio Bonafont Colección Duo 345mL
Termo de Plástico con Tapa Metálica Bonafont Color Menta 700mL,Termo de Plástico con Tapa Metálica Bonafont Color Menta 700mL
Termo de Acero Inoxidable Bonafont Colección Canvas Diseño Espacio 500mL,Termo de Acero Inoxidable Bonafont Colección Canvas Diseño Espacio 500mL
Agua Natural Bonafont 6x600mL,Agua Natural Bonafont 6x600mL
Lapicera Buzz Lightyear y Zurg Bonafont,Lapicera Buzz Lightyear y Zurg Bonafont
Danone Natural Con Azucaradas 170 G,Danone Natural Con Azucaradas 170 G
Danup Sabor Fresa 290 G,Danup Sabor Fresa 290 G
Bowls de Vidrio Bonafont Set de 2 Piezas,Bowls de Vidrio Bonafont Set de 2 Piezas
Set de Vajilla con Mantel Bonafont Colección Minnie Color Rosa,Set de Vajilla con Mantel Bonafont Colección Minnie Color Rosa
Termo de Plástico Bonafont Colección Carrera 2022 850mL,Termo de Plástico Bonafont Colección Carrera 2022 850mL
Evian Agua Mineral Natural 6 x 500ml,Evian Agua Mineral Natural 6 x 500ml
bebida con jugo de uva,bebida con jugo de uva
pack de 6 botellas de 300 mililitros,pack de 6 botellas de 300 mililitros
Termo de Plástico con Tapa Metálica Bonafont Color Salmón 700mL,Termo de Plástico con Tapa Metálica Bonafont Color Salmón 700mL
Tapa de PS  Color Blanca Para Vaso de 8 oz pack de 50 pzas,Tapa de PS  Color Blanca Para Vaso de 8 oz pack de 50 pzas
Danone Natural Con Miel Y Granola 900 G,Danone Natural Con Miel Y Granola 900 G
Bonafont Kids Agua con Jugo Natural de manzana 6x300ml,Bonafont Kids Agua con Jugo Natural de manzana 6x300ml
Termo Bonafont color Turquesa Metálico 700ml,Termo Bonafont color Turquesa Metálico 700ml
Activia Sabor Ciruela Pasa 225 G,Activia Sabor Ciruela Pasa 225 G
Activia Sabor Chia Frutos Rojos 220 G,Activia Sabor Chia Frutos Rojos 220 G
Playera Juvenil Bonafont Mundial Fútbol Qatar,Playera Juvenil Bonafont Mundial Fútbol Qatar
Jarra de Vidrio Bonafont Colección Cristal 1L,Jarra de Vidrio Bonafont Colección Cristal 1L
Juizzy Agua Fresca Con Jugo de Cítricos de Veracruz 4L,Juizzy Agua Fresca Con Jugo de Cítricos de Veracruz 4L
con chupón  bebida con jugo de uva,con chupón  bebida con jugo de uva
Termo de Acero Inoxidable Bonafont Colección Canvas Diseño Salmón 500mL,Termo de Acero Inoxidable Bonafont Colección Canvas Diseño Salmón 500mL
Termo Metálico Bonafont Colección Esfera Color Gris 400mL,Termo Metálico Bonafont Colección Esfera Color Gris 400mL
Lapicera Buzz Lightyear y Zurg Bonafont,Lapicera Buzz Lightyear y Zurg Bonafont
Bonafont Kids Agua con Jugo Natural de uva 6x300ml,Bonafont Kids Agua con Jugo Natural de uva 6x300ml
Tazas Duo de Vidrio Bonafont 345ml,Tazas Duo de Vidrio Bonafont 345ml
Jarra de Vidrio Bonafont Colección Nopales 1.7L,Jarra de Vidrio Bonafont Colección Nopales 1.7L
Evian Agua Mineral Natural 6 x 1L,Evian Agua Mineral Natural 6 x 1L
Evian Agua Mineral Natural 6 x 330ml,Evian Agua Mineral Natural 6 x 330ml
Jarra BFT D/vidrio azul Mar Zafiro 1.8LT,Jarra BFT D/vidrio azul Mar Zafiro 1.8LT
VASO BEBIDA CALIENTE 12 OZ,VASO BEBIDA CALIENTE 12 OZ
Envase más Agua Bonafont 20L más Juizzy Agua Fresca Sabor Naranja 3L,Envase más Agua Bonafont 20L más Juizzy Agua Fresca Sabor Naranja 3L
TAPA PLANA P/VASO ECOTAINER 12/16 OZ,TAPA PLANA P/VASO ECOTAINER 12/16 OZ
Levite Clásica Fresa 1 L Paquete con 6,Levite Clásica Fresa 1 L Paquete con 6
VASO PLA BEBIDA FRIA 12 OZ,VASO PLA BEBIDA FRIA 12 OZ
Levite Clásica Pepino Limón 1 L Paquete con 6,Levite Clásica Pepino Limón 1 L Paquete con 6
Base de Garrafón Bonafont 30 años,Base de Garrafón Bonafont 30 años